exp,avg_conv_f1,avg_speaker_wer,avg_joint_error,model
output_auto_avsr,0.8152820512820513,0.8316460431654678,0.5211330935251799,auto_avsr
output_avsr_cocktail,0.8152820512820513,0.5538453237410071,0.38223273381294964,avsr_cocktail
output_avsr_cocktail_finetuned,0.8152820512820513,0.4987273381294964,0.35467374100719434,avsr_cocktail_finetuned
output_muavic_en,0.8152820512820513,0.717754676258993,0.4641874100719425,muavic_en
